{"cameraMode":{"drawMode":0,"name":"Shaded","section":"Shading Mode"},"sceneLighting":true,"audioPlay":false,"sceneViewState":{"m_AlwaysRefresh":false,"showFog":true,"showSkybox":true,"showFlares":true,"showImageEffects":true,"showParticleSystems":true,"showVisualEffectGraphs":true,"m_FxEnabled":true},"in2DMode":false,"pivot":{"x":671.2339477539063,"y":434.77288818359377,"z":-717.958251953125},"rotation":{"x":-0.015301026403903962,"y":-0.032393261790275577,"z":0.0004961267695762217,"w":-0.9993591904640198},"size":81.39410400390625,"orthographic":false}