{"cameraMode":{"drawMode":0,"name":"Shaded","section":"Shading Mode"},"sceneLighting":false,"audioPlay":false,"sceneViewState":{"m_AlwaysRefresh":false,"showFog":true,"showSkybox":false,"showFlares":true,"showImageEffects":true,"showParticleSystems":true,"showVisualEffectGraphs":true,"m_FxEnabled":true},"in2DMode":false,"pivot":{"x":0.3748221695423126,"y":0.041868485510349277,"z":0.1875121146440506},"rotation":{"x":0.047685034573078158,"y":0.6823745965957642,"z":-0.044688206166028979,"w":0.7280874252319336},"size":0.3535533845424652,"orthographic":false}